 {
   "Genre": "Metal",
   "MFCC": 8.67576,
   "ZCR": 114358,
   "Spectral Centroid": 2906.766678996684,
   "Spectral Rolloff": 5519.011587333237
 }